nome,indirizzo,categoria_raw,gia_nel_radar,note
Accademia d'Ungheria in Roma,"Via Giulia 1",istituzione,si,
Biblioteca Angelica,"Piazza S. Agostino 8",istituzione,no,
Casa Argentina,"Via Vittorio Veneto 7",istituzione,si,
Casa dell'Architettura - Acquario Romano,"Piazza Manfredo Fanti 47",istituzione,no,
Circolo di Cultura Omosessuale Mario Mieli,"Via Efeso 2a",istituzione,no,
Consulta della Cultura Municipio IX EUR,"Via Carlo Avolio 60",istituzione,no,
CPIA4 Istruzione Provinciale Adulti,"Via Palestro 38",istituzione,no,scuola: bassa rilevanza
European School of Economics,"Corso Vittorio Emanuele II 154",istituzione,no,bassa rilevanza
Gallery of Art - Temple University Rome,"Lungotevere Arnaldo da Brescia 15",istituzione,no,
Instituto Cervantes di Roma,"Via di Villa Albani 16",istituzione,si,
Istituto Bulgaro di Cultura,"Via Madonna di Campiglio 6",istituzione,no,
Laboratorio d'Arte Sant'Egidio,"Via Federico Borromeo 77",istituzione,no,
Museo Boncompagni Ludovisi per le Arti Decorative,"Via Boncompagni 18",istituzione,no,
Museo Hendrik Christian Andersen,"Via Pasquale Stanislao Mancini 20",istituzione,no,
Nuova Accademia di Belle Arti,"Via Ostiense 92",istituzione,no,
Real Academia de España,"Piazza San Pietro in Montorio 3",istituzione,si,
Roma Capitale - Scuole d'Arte e dei Mestieri,"Via dei Cerchi 6",istituzione,no,
Rome University of Fine Arts,"Via degli Ausoni 7",istituzione,no,
Fondazione Cervelli Ribelli Onlus,"Via Tommaso Gulli 3",fondazione,no,
Fondazione Francesco Paolo e Annamaria Ducci,"Via Giulia 163",fondazione,no,
Fondazione Giuliani,"Via Gustavo Bianchi 1",fondazione,si,
Fondazione Magis,"Via degli Astalli 16",fondazione,no,
Fondazione Memmo,"Via Fontanella Borghese 56b",fondazione,si,
Fondazione Nicola Del Roscio,"Via Francesco Crispi 18",fondazione,si,
Fondazione Opera Lucifero,"Via di Grottapinta 21",fondazione,no,
Fondazione VOLUME!,"Via S. Francesco di Sales 86",fondazione,si,
Palazzo Merulana,"Via Merulana 121",fondazione,si,
Rhinoceros Gallery (Fondazione Alda Fendi - Esperimenti),"Via del Velabro 9a",fondazione,si,
28 Piazza di Pietra Fine Art Gallery,"Piazza di Pietra 28",galleria,no,
Alessandro Vitiello Home Gallery,"Via delle Tre Cannelle 22",galleria,no,
André Arte Moderna e Contemporanea,"Via Giulia 175",galleria,no,
Area Contesa Arte,"Via Margutta 90",galleria,no,
Art Gallery Roma,"Via dei Coronari 7",galleria,no,
Arte Borgo Gallery,"Borgo Vittorio 25",galleria,no,
BaccGallery,"Via Panisperna 205",galleria,no,
Basile Contemporary,"Via di Parione 10",galleria,no,
Bat-Gallery,"Vicolo del Puttarello 31",galleria,no,
Borghini Arte Contemporanea / Artisticonlaluce,"Via Belsiana 92",galleria,no,
Capitolium Art,"Via delle Mantellate 14b",galleria,no,
Edarcom Europa,"Via Macedonia 12",galleria,no,
EDDart Rome,"Palazzo Taverna - Via di Monte Giordano 36",galleria,no,
Ess&rre,"Lungomare Duca degli Abruzzi 84 - locale 876",galleria,no,Ostia
Gagosian,"Via Francesco Crispi 16",galleria,si,
Galleria 291 Est/Inc.,"Viale dello Scalo San Lorenzo 45/43",galleria,no,
Galleria Anna Marra,"Via Sant'Angelo in Pescheria 32",galleria,si,
Galleria Arca di Noesis Colosseo,"Via Ostilia 3B",galleria,no,
Galleria Continua,"Via V. Emanuele Orlando 3",galleria,si,
Galleria d'Arte Faber,"Via dei Banchi Vecchi 31",galleria,no,
Galleria d'Arte Marchetti,"Via Margutta 8",galleria,no,
Galleria Deodato Arte,"Via Giulia 122",galleria,no,
Galleria Emmeotto Arte,"Via di San Pantaleo 66",galleria,si,
Galleria Erica Ravenna,"Via della Reginella 3 / Via di S. Ambrogio 26",galleria,no,
Galleria Fidia,"Via Angelo Brunetti 49",galleria,si,
Galleria Gallerati,"Via Apuania 55",galleria,si,
Galleria Il Leone,"Via Aleardo Aleardi 12",galleria,no,
Galleria La Nica,"Via dei Banchi Nuovi 22",galleria,no,
Galleria Lombardi,"Via di Monte Giordano 40",galleria,no,
Galleria Minima,"Via del Pellegrino 18",galleria,no,
Galleria Moderni,"Via dei Banchi Vecchi 42",galleria,no,
Galleria Mucciaccia,"Largo Fontanella Borghese 89",galleria,si,
Galleria Pavart,"Via Giuseppe Dezza 6b",galleria,no,
Galleria Riccardo Boni,"Via in Publicolis 47",galleria,no,
Galleria Sinopia,"Via dei Banchi Nuovi 21/b",galleria,no,
Galleria Triphé,"Via delle Fosse di Castello 2",galleria,no,
GARD Galleria Arte Roma Design,"Via dei Conciatori 3/i",galleria,no,
Interzone Galleria,"Via Macerata 46",galleria,no,
Kou Gallery,"Via della Barchetta 13",galleria,no,galleria dell'associazione organizzatrice di RAW
La Nuova Pesa Centro per l'Arte Contemporanea,"Via del Corso 530",galleria,no,storica galleria romana
La Nuvola Arte Contemporanea,"Via Margutta 41",galleria,no,
Maison Bosi,"Via Margutta 28/29",galleria,no,
Maja Arte Contemporanea,"Via di Monserrato 30",galleria,no,
Mecenate Fine Art,"Via Girolamo Benzoni 22",galleria,no,
Medina Art Gallery Roma,"Via A. Poliziano 28-36 / Via Merulana 220",galleria,no,
Mucciaccia Gallery Project,"Via Laurina 31",galleria,no,
RAW Messina,"Via Laura Mantegazza 16a",galleria,no,
Richard Saltoun Gallery,"Via Margutta 48a-48b",galleria,si,
Rossocinabro,"Via Raffaele Cadorna 28",galleria,no,
Sesto Senso Art Gallery,"Via Margutta 43",galleria,no,
Strati d'Arte Gallery,"Via Sicilia 133",galleria,no,
Tornabuoni Arte,"Via Bocca di Leone 88",galleria,no,
Wunderkammern,"Via Giulia 180",galleria,si,
Z2O Sara Zanin,"Via Baccio Pontelli 16",galleria,si,
AAIE Center for Contemporary Art,"Via Sermide 7",associazione,no,
Alea Contemporary Art,"Viale Guglielmo Massaia 41",associazione,no,
Archivio Alberto Bardi,"Via Bova 3 int. 13",associazione,no,
Art Exhibition Link - Artists Studio Roma,"Borgo Pio 125",associazione,no,
Arte in Monti - MARTE,"Via degli Zingari 39",associazione,no,
ArtSharing Roma,"Via Giulio Tarra 64",associazione,no,
Associazione 7+1 Ottavocolle,"Via Giampiero Combi 101",associazione,no,
Associazione Cento Pittori Via Margutta,"Via Sant'Agata dei Goti 4",associazione,no,
Associazione Comunità X,"Via Marino Mazzacurati 89a",associazione,no,
Associazione Culturale Betterpress,"Via Eugenio Barsanti 14",associazione,no,
Associazione Culturale Giga,"Via del Governo Vecchio 43",associazione,no,
Associazione Culturale L'Espressione,"Via R. Grazioli Lante 40/42",associazione,no,
Associazione Culturale Lavatoio Contumaciale,"Piazza Perin del Vaga 4",associazione,no,
Associazione Culturale Magma,"Vicolo San Francesco di Sales 53a",associazione,no,
Associazione Culturale Spiritree,"Piazza Giancarlo Vallauri 5",associazione,no,
Associazione Culturale Tralevolte,"Piazza di Porta San Giovanni 10",associazione,no,
C.R.E.T.A. Rome,"Via dei Delfini 16/17",associazione,no,
Canova 22,"Via Antonio Canova 22",associazione,no,
Centro Giovani I Municipio,"Via della Penitenza 35",associazione,no,
Dama Blu,"Via dell'Arco de' Ginnasi 7",associazione,no,
E.CO.POINT - Environmental and Contemporary Art,"Via del Velodromo 77e",associazione,no,
Etworks Studio,"Via dei Marsi 41",associazione,no,
Fram!Lab,"Viale di Villa Pamphili 33",associazione,no,
I Love Ceramica,"Via Paolo Maria Martinez 11a",associazione,no,
Il Salotto di Diotima,"Viale Angelico 88",associazione,no,
La -Linea,"Via San Martino ai Monti 46",associazione,no,
La Casa di Tela,"Piazza dei Satiri 49",associazione,no,
Mesia Space Arte Contemporanea,"Largo Mesia 3 / Via Vulci 32",associazione,no,
Millepiani,"Via Nicolò Odero 13",associazione,no,
Mosaikon APS,"Vicolo della Garbatella",associazione,no,
Officine Fotografiche Roma,"Via Libetta 1",associazione,no,fotografia
Ombrelloni Art Space,"Via dei Lucani 18",associazione,no,
Pian dei Giullari,"Via dei Cappellari 49",associazione,no,
Pocket Art Studio,"Via della Reginella 11",associazione,no,
Polmone Pulsante,"Salita del Grillo 21",associazione,no,
Sala 1,"Piazza di Porta San Giovanni 10",associazione,si,
Spazio Non Disponibile,"Via Vetulonia 55",associazione,no,
Spectre APS,"Vicolo della Penitenza 15",associazione,no,
Strade Diffuse,"Via Mirandola 30",associazione,no,
Takeawaygallery Ass. Culturale,"Via delle Canapiglie 80",associazione,no,
WSP Photography,"Via Costanzo Cloro 58",associazione,no,fotografia
Antico Albergo del Sole al Pantheon,"Piazza della Rotonda 63",albergo,no,bassa rilevanza
Martivs Private Suites,"Via degli Uffici del Vicario 49",albergo,no,bassa rilevanza
Palazzo Navona,"Largo della Sapienza 8",albergo,no,bassa rilevanza
Palazzo Ripetta,"Via di Ripetta 231",albergo,no,bassa rilevanza
The Fifteen Keys Hotel,"Via Urbana 6/7",albergo,no,bassa rilevanza
WarmtHotel,"Via Giuseppe Prezzolini 5",albergo,no,bassa rilevanza
AC Studio,"Via Sisto IV 25",polivalente,no,
afnakafna,"Via della Fontana 19",polivalente,no,
APS Stamperia del Tevere,"Via Marino Mazzacurati 89c",polivalente,no,
Area,"Via Margutta 47",polivalente,no,
Aria Design Lab,"Via Ceresio 33",polivalente,no,
Arialab,"Via Ugolino Cavalcabò 9",polivalente,no,
Artesse Gallery,"Via di Ripetta 16",polivalente,no,
ASA Project,"Via del Gelsomino 70",polivalente,no,
Associazione Culturale B-Folk,"Via dei Faggi 129/A",polivalente,no,
Atelier Montez,"Via di Pietralata 147a",polivalente,no,
Bianco Contemporaneo,"Via Reno 18/a",polivalente,no,
Borgo Pio Art Gallery,"Via degli Ombrellari 2",polivalente,no,
Buccone Vini e Olii,"Via Ripetta 19",polivalente,no,enoteca: bassa rilevanza
CO.RO. Coworking Rome Pigneto,"Via Erasmo Gattamelata 137",polivalente,no,
Cosarte Spazio Creativo,"Via Nicolò da Pistoia 18",polivalente,no,
CovoLab,"Via Tiburtina 135",polivalente,no,
Divario,"Via Famagosta 33",polivalente,no,
Fondazione Kattinis,"Via S. Maria in Monticelli 66",polivalente,no,
Fuocoditerra Studio,"Via di Ponziano 8",polivalente,no,
Galleria Borzelli,"Via del Gesù 69",polivalente,no,
Galleria Cabaret Voltaire,"Via Panisperna 87",polivalente,no,
Galleria Inquadro,"Via Alberto Ascari 255",polivalente,no,
Giardino di Nina,"Via Trionfale 9438",polivalente,no,
Gorilla Blù,"Vicolo del Cedro 33",polivalente,no,
HenryTimi,"Via Margutta 47/a",polivalente,no,
HyunnArt Studio,"Viale Manzoni 85-87",polivalente,no,
Il Portale Ostiense,"Via del Porto Fluviale 71",polivalente,no,
Impact Art,"Via Palermo 41",polivalente,no,
La Cicala e la Formica,"Via Leonina 17",polivalente,no,
LEA APS,"Via Cairoli 63",polivalente,no,
Leporello Photobooks,"Via del Pigneto 162/e",polivalente,no,fotografia
Lumina Design,"Via Lorenzo Valla 40/A",polivalente,no,
Lynk&Co,"Via del Corso 256",polivalente,no,bassa rilevanza
Magtre,"Via Flaminia 26",polivalente,no,
Micro Arti Visive,"Viale Mazzini 1",polivalente,no,
Mitreo Iside,"Via Marino Mazzacurati 61/63",polivalente,no,
Museo Abitabile MoMA Host,"Via Paolo II 7",polivalente,no,
Neropolis,"Via delle Spighe 62",polivalente,no,
Officine MDF,"Via Luigi Lodi 82/84",polivalente,no,
Open Studio Gallery Patrizia Genovesi,"Via di Villa Belardi 18",polivalente,no,
Opengra,"Via Francesco Negri 53",polivalente,no,
Ospizio Giovani Artisti,"Via Cernaia 15",polivalente,no,
Otto Gallery,"Piazza Mazzini 27",polivalente,no,
Palazzo Velli Expo,"Piazza S. Egidio 10",polivalente,no,Trastevere
Papel,"Via Tor de' Conti 21",polivalente,no,
Pícaro Spazio Creativo,"Via Giovanni Branca 92",polivalente,no,
Piacca,"Via Marino Mazzacurati 89",polivalente,no,
Quintessenza,"Via Sabotino 13",polivalente,no,
Riachuelo - Studio Pro Loco San Lorenzo,"Via dei Latini 52/54",polivalente,no,San Lorenzo
Rione Placido,"Via Placido Zurla 23",polivalente,no,
Sala da Feltre - Open Art,"Via degli Orti di Trastevere 6",polivalente,no,
SBA Sporting Beach Arte,"Lungomare A. Vespucci 6",polivalente,no,Ostia
Scomodo,"Via Carlo Emanuele I 26",polivalente,no,
SIC12 ArtStudio,"Via Francesco Negri 65",polivalente,no,
Spazio Arte Su Gallery,"Via del Pozzetto 118",polivalente,no,
Spazio Chirale,"Via Ignazio Persico 32",polivalente,no,
Spazio Fontanella,"Via dell'Arco della Fontanella 4",polivalente,no,
Spazio Placebo,"Via Cosimo Bertacchi 14",polivalente,no,
Spazio Sferocromia,"Via Ippolito Pindemonte 30b",polivalente,no,
Spazio Urano,"Via Sampiero di Bastelica 12",polivalente,no,
Storie Contemporanee - Studio Poerio 16/B,"Via Alessandro Poerio 16b",polivalente,no,
Studio Arti Floreali,"Vicolo della Campanella 42",polivalente,no,
Studio Buccia,"Via dei Fienaroli 40",polivalente,no,Trastevere
Studio Campo Boario,"Viale del Campo Boario 4/A",polivalente,no,Testaccio
Studio Counterclockwise,"Via Leonardo Bufalini 82",polivalente,no,
Studio DFB,"Via R. Montecuccoli 28a",polivalente,no,
Studio Quipu,"Via Romanello da Forlì 22a",polivalente,no,
Substratum Galleria,"Via in Selci 84b",polivalente,no,
Teatro Arciliuto,"Piazza di Montevecchio 5",polivalente,no,
Tomo Libreria Caffè,"Via degli Etruschi 4",polivalente,no,San Lorenzo
UP Urban Prospective Factory,"Via dei Salumi 53",polivalente,no,
Villaggio Globale,"Ex Mattatoio - Testaccio",polivalente,no,
We Love Italy,"Piazza del Popolo 3",polivalente,no,bassa rilevanza
